{
  "t0": 0.0,
  "T": 10,
  "u0": [1.0, 1.0],
  "u": [
    [2.803640247533436, -0.31179615491507645],
    [5.846795922245509, 1.6655269767514755],
    [0.6618564674501437, 1.941200640170384],
    [2.2438493313544, 1.0704143964018147],
    [5.745025779196828, 0.1622746449384297],
    [1.3305228620327545, 2.5175109969680607],
    [0.543883097852183, -0.6048596024830144],
    [4.072407618005721, 0.6278817511409986],
    [4.276580286936618, 4.66387551544902],
    [1.3055259323358925, 0.31538386610247127]
  ],
  "ts": [1.0, 2.0, 3.0, 4.0, 5.0, 6.0, 7.0, 8.0, 9.0, 10.0]
}
